student_id,minutes_watched,paid_in_q2
6,81.0333,1
516,46.2667,1
520,91.1833,1
523,1322.2500,1
594,3.7333,1
603,8.1833,1
608,387.6833,1
614,674.4000,1
616,1103.4500,1
618,546.3500,1
659,1337.6000,1
666,332.9000,1
691,499.5167,1
698,35.9833,1
699,0.1333,1
702,96.9167,1
709,2.3000,1
772,4160.5833,1
778,201.6000,1
782,33.9167,1
792,3391.7333,1
800,482.2333,1
801,333.4167,1
804,514.0667,1
805,48.4667,1
810,190.1667,1
829,151.3500,1
830,0.3500,1
832,358.1833,1
838,507.8167,1
840,1122.1333,1
841,1298.8833,1
842,289.5833,1
851,375.3667,1
854,6.8500,1
862,978.9167,1
863,624.9333,1
865,1038.4333,1
869,175.8667,1
870,510.9500,1
872,6.7167,1
875,355.1667,1
876,2.1333,1
882,1080.6833,1
893,370.1167,1
894,0.0667,1
900,283.3167,1
903,141.3500,1
908,2278.0167,1
911,878.0667,1
916,339.0667,1
928,99.0500,1
930,159.5167,1
933,717.5167,1
936,379.8667,1
956,1.9167,1
959,12.3000,1
961,326.1333,1
965,1125.8000,1
969,57.8000,1
973,43.7000,1
977,0.6000,1
982,38.8500,1
985,57.7833,1
986,0.0667,1
987,149.6000,1
988,364.2833,1
991,1640.4667,1
994,280.9667,1
998,6.6333,1
999,117.9167,1
1002,1394.5167,1
1006,16.3333,1
1008,473.0000,1
1010,4.9333,1
1014,191.8333,1
1015,1026.3000,1
1016,56.1833,1
1018,171.1167,1
1019,8.5833,1
1029,62.6500,1
1033,0.0500,1
1034,107.7500,1
1035,1449.7667,1
1040,0.0833,1
1042,403.8833,1
1045,82.2500,1
1046,899.5667,1
1052,34.3333,1
1056,25.3333,1
1057,1075.1333,1
1063,1867.3333,1
1064,27.0833,1
1066,375.3167,1
1073,5.0333,1
1081,453.3500,1
1086,894.8500,1
1091,46.4500,1
1099,0.2833,1
1102,983.8167,1
1105,2.9000,1
1116,0.1167,1
1119,73.2500,1
1125,11.3833,1
1127,433.4333,1
1128,1002.5167,1
1132,139.8667,1
1140,137.6000,1
1143,21.0167,1
1145,657.3500,1
1155,9.1333,1
1158,4.5833,1
1165,40.6833,1
1166,338.8167,1
1169,49.6500,1
1173,487.4000,1
1175,35.2500,1
1183,1333.0333,1
1187,63.4000,1
1188,35.4000,1
1190,124.1333,1
1196,119.2333,1
1197,1758.2833,1
1201,200.1167,1
1207,184.1000,1
1209,6.4667,1
1212,42.0167,1
1214,36.0833,1
1215,1542.7167,1
1216,0.1833,1
1224,19.8833,1
1226,12.8333,1
1235,2.7500,1
1238,50.8000,1
1242,53.3833,1
1244,26.0333,1
1246,1475.2333,1
1249,12.2333,1
1253,0.1500,1
1257,2.0667,1
1259,759.9167,1
1271,40.5500,1
1272,234.0000,1
1283,0.3333,1
1284,586.4833,1
1292,33.9333,1
1294,1.7500,1
1299,55.5667,1
1306,68.9333,1
1308,388.7500,1
1313,0.5500,1
1317,776.4167,1
1323,60.5000,1
1324,90.7000,1
1327,160.4667,1
1330,108.1000,1
1331,101.3833,1
1336,9.6500,1
1347,29.9333,1
1350,1694.0000,1
1353,397.3500,1
1355,232.4000,1
1357,142.7167,1
1363,765.7667,1
1369,4.9500,1
1373,6429.4667,1
1374,219.4167,1
1375,28.7833,1
1379,3143.9167,1
1382,17.1500,1
1388,87.1833,1
1389,66.6667,1
1393,0.0500,1
1397,2979.0000,1
1419,203.6167,1
1424,136.7333,1
1426,165.5833,1
1428,339.8333,1
1434,1690.6000,1
1437,318.9000,1
1456,3460.3500,1
1459,95.2167,1
1461,7.8000,1
1463,7.2500,1
1465,47.4500,1
1468,10.9333,1
1471,0.0500,1
1473,48.8667,1
1482,354.6667,1
1491,2594.3667,1
1498,32.6167,1
1500,821.4000,1
1501,850.0333,1
1502,0.6333,1
1504,1072.9500,1
1513,272.3000,1
1522,196.9500,1
1531,2.7000,1
1532,2.2167,1
1535,831.2000,1
1537,0.1333,1
1538,191.5667,1
1542,2007.9667,1
1544,26.7000,1
1550,395.4833,1
1553,83.1500,1
1561,550.4500,1
1567,921.5500,1
1587,93.9167,1
1588,5.6833,1
1595,102.6667,1
1598,65.7000,1
1600,33.5500,1
1605,173.9000,1
1606,5.5833,1
1615,3.4333,1
1633,13.1500,1
1638,706.9000,1
1644,135.0667,1
1649,3.9500,1
1651,71.7333,1
1652,322.4500,1
1653,247.0667,1
1658,159.5500,1
1667,23.1833,1
1669,259.4167,1
1678,470.6167,1
1680,1.6333,1
1683,1078.1833,1
1686,0.1333,1
1688,1802.9333,1
1693,149.9500,1
1695,385.3500,1
1701,678.7833,1
1702,1.1000,1
1705,606.2000,1
1710,18.6333,1
1711,138.6500,1
1713,86.8333,1
1732,319.3333,1
1733,230.2333,1
1737,168.8500,1
1739,109.3000,1
1745,119.6167,1
1759,133.3833,1
1765,432.4167,1
1773,415.4833,1
1776,1695.5167,1
1778,887.5500,1
1784,0.1333,1
1790,1340.6833,1
1792,89.0500,1
1794,188.1333,1
1795,139.9833,1
1801,3.0000,1
1802,0.4500,1
1820,104.4833,1
1823,1499.2167,1
1825,487.4167,1
1827,1.6000,1
1835,1386.5500,1
1841,23.6500,1
1849,81.8500,1
1852,587.9667,1
1862,2.7000,1
1863,118.3500,1
1864,454.9500,1
1866,1084.6833,1
1867,6.0667,1
1880,94.9833,1
1881,130.0500,1
1896,1058.6333,1
1897,189.5667,1
1898,308.8667,1
1900,59.2000,1
1902,133.8333,1
1908,47.4167,1
1909,6.3833,1
1911,109.7333,1
1914,305.9000,1
1917,30.4667,1
1918,395.6667,1
1932,51.7667,1
1935,3.5000,1
1938,326.1167,1
1939,423.6167,1
1945,23.1500,1
1947,185.1667,1
1950,214.7667,1
1957,304.4000,1
1959,259.4667,1
1960,276.3833,1
1977,994.5500,1
1993,144.3833,1
1994,216.1833,1
2003,93.1167,1
2010,85.7833,1
2018,215.3000,1
2019,39.8167,1
2022,21.3167,1
2026,65.1000,1
2051,161.5667,1
2054,1562.0833,1
2055,53.4667,1
2056,55.8500,1
2064,232.0167,1
2066,1085.9833,1
2078,10.1333,1
2079,4.4667,1
2081,706.7667,1
2084,0.4000,1
2091,2258.5833,1
2092,848.0500,1
2093,496.1167,1
2099,250.5667,1
2104,44.1167,1
2106,1.9833,1
2108,304.3000,1
2112,2237.6833,1
2113,43.5167,1
2114,696.3333,1
2118,554.6167,1
2120,581.6667,1
2130,92.0500,1
2135,16.8333,1
2136,1209.8667,1
2149,604.1833,1
2154,223.7167,1
2157,4.4667,1
2160,51.1167,1
2162,114.6500,1
2167,709.6833,1
2170,3.3000,1
2187,643.3833,1
2188,856.5333,1
2190,419.6500,1
2195,403.4833,1
2207,332.4000,1
2213,38.2833,1
2217,64.0500,1
2218,1005.1667,1
2222,10.1500,1
2229,574.5667,1
2231,131.4167,1
2233,330.6333,1
2236,18.3667,1
2248,1398.2333,1
2255,17.9167,1
2256,41.9667,1
2258,1077.9667,1
2265,90.5500,1
2266,81.1167,1
2267,92.4000,1
2274,368.7833,1
2275,0.2500,1
2278,0.6667,1
2284,135.9333,1
2290,220.4667,1
2292,8.5000,1
2295,12.0833,1
2303,19.0833,1
2304,195.3500,1
2306,20.4500,1
2308,1.7000,1
2312,51.2500,1
2318,3.5833,1
2324,2069.8333,1
2332,34.1333,1
2335,36.3833,1
2338,42.3500,1
2339,182.2667,1
2340,150.0000,1
2351,18.7500,1
2354,1848.6667,1
2359,26.0833,1
2362,125.0833,1
2364,397.4333,1
2375,59.8000,1
2377,61.9167,1
2385,367.6167,1
2397,712.6333,1
2398,0.4167,1
2403,2.3667,1
2406,36.0000,1
2409,1648.9500,1
2410,462.6833,1
2414,219.8167,1
2417,47.2333,1
2429,16.1167,1
2431,12.5833,1
2437,72.2167,1
2441,188.0000,1
2447,574.2833,1
2463,6.9833,1
2493,3971.1000,1
2501,145.0500,1
2506,11.5000,1
2516,72.4000,1
2529,84.6667,1
2536,905.3833,1
2544,31.4000,1
2546,95.8667,1
2550,9.6167,1
2555,105.8000,1
2575,77.8500,1
2577,3.4500,1
2591,1674.2667,1
2617,158.3667,1
2620,73.5333,1
2621,221.1167,1
2629,216.0667,1
2630,90.0500,1
2636,1487.5667,1
2641,4.6000,1
2642,148.7167,1
2650,30.2000,1
2651,57.9167,1
2653,669.4000,1
2655,162.0000,1
2657,28.1667,1
2661,5.1833,1
2663,101.9167,1
2671,10.3833,1
2685,8.1167,1
2688,413.1667,1
2692,94.7500,1
2698,42.1667,1
2706,918.1833,1
2708,0.1667,1
2710,17.1500,1
2719,49.2000,1
2723,114.7833,1
2725,26.9000,1
2726,6.5833,1
2731,39.8333,1
2738,0.2833,1
2741,2.2500,1
2743,11.2333,1
2750,14.9833,1
2754,901.2833,1
2761,0.3000,1
2764,36.5500,1
2772,1272.7833,1
2774,557.9500,1
2793,79.2833,1
2797,39.5833,1
2803,182.3833,1
2805,248.6167,1
2811,2617.2333,1
2813,17.3500,1
2815,310.5667,1
2819,27.0500,1
2820,0.3167,1
2821,351.2500,1
2824,21.9667,1
2825,1.1667,1
2826,12.2167,1
2827,1653.5667,1
2830,1254.1000,1
2831,40.1833,1
2833,2.6333,1
2839,290.9667,1
2840,1.1167,1
2843,19.6333,1
2851,502.0833,1
2859,798.5000,1
2866,1630.5833,1
2877,518.5167,1
2887,566.5000,1
2894,0.7500,1
2899,2030.1000,1
2911,4.0500,1
2917,1045.4000,1
2918,601.2167,1
2920,11.4000,1
2922,433.3167,1
2928,2.0333,1
2929,639.0333,1
2930,265.8000,1
2933,45.9500,1
2938,1331.2000,1
2943,285.5167,1
2950,0.1333,1
2954,316.0000,1
2967,0.4333,1
2973,68.6833,1
2978,35.2333,1
3002,1377.8833,1
3011,586.3833,1
3016,24.1667,1
3017,166.6167,1
3022,507.8500,1
3031,136.7833,1
3034,2.1833,1
3048,20.7833,1
3050,27.8833,1
3062,37.8500,1
3070,863.6333,1
3074,25.3000,1
3080,171.5000,1
3082,26.2500,1
3090,41.8000,1
3092,609.1000,1
3099,83.8833,1
3112,22.4167,1
3115,51.7167,1
3130,0.2333,1
3138,26.5833,1
3146,0.1833,1
3147,23.5833,1
3148,21.2667,1
3161,114.7833,1
3162,403.9667,1
3187,76.8667,1
3188,609.0500,1
3199,15.8833,1
3213,525.1167,1
3215,177.3167,1
3219,150.4000,1
3221,93.6333,1
3239,378.4000,1
3248,34.2333,1
3266,5.9500,1
3286,3.9833,1
3288,186.9833,1
3291,1379.4667,1
3297,64.6000,1
3303,443.2167,1
3305,308.4000,1
3316,0.1000,1
3338,795.3333,1
3359,279.3167,1
3367,101.9333,1
3379,0.3500,1
3381,54.9500,1
3393,10.1667,1
3402,13.2333,1
3414,0.2333,1
3416,0.1500,1
3419,1.2667,1
3420,469.5667,1
3423,454.3500,1
3426,17.5000,1
3430,1346.0000,1
3441,45.7000,1
3447,10.1000,1
3453,295.8167,1
3466,251.7000,1
3467,17.2333,1
3468,672.3000,1
3470,20.2333,1
3471,234.4000,1
3473,35.8000,1
3478,824.1667,1
3481,2.9667,1
3494,272.0667,1
3498,1724.8333,1
3512,383.1167,1
3513,238.7833,1
3524,174.6333,1
3538,1083.8500,1
3550,167.3167,1
3558,155.6833,1
3575,253.7833,1
3589,0.2833,1
3598,33.5167,1
3611,67.8500,1
3613,1191.2167,1
3626,824.0500,1
3641,192.5500,1
3647,603.6833,1
3659,5.3667,1
3661,31.2667,1
3663,903.4333,1
3675,3.8833,1
3679,19.5500,1
3681,136.9000,1
3685,4.7500,1
3687,779.3833,1
3688,170.4000,1
3691,86.6833,1
3698,1650.9333,1
3700,131.0333,1
3702,73.3833,1
3704,21.8333,1
3707,662.2667,1
3708,1.3333,1
3709,1440.3500,1
3712,47.8500,1
3728,893.7500,1
3750,51.8167,1
3758,153.9667,1
3774,1069.7667,1
3779,592.3000,1
3780,125.6500,1
3781,1600.7167,1
3785,362.2333,1
3787,216.3333,1
3797,306.8167,1
3799,115.1167,1
3809,7.3167,1
3814,164.1167,1
3815,210.9500,1
3817,30.7833,1
3824,8.6667,1
3832,258.3000,1
3840,0.4167,1
3850,405.5833,1
3852,1007.1167,1
3856,963.3667,1
3857,2.5000,1
3860,266.4500,1
3864,469.2333,1
3865,227.7000,1
3874,2.0333,1
3875,517.6333,1
3897,0.1167,1
3908,13.3167,1
3913,0.2000,1
3914,8.5833,1
3920,0.0667,1
3927,1393.0667,1
3931,1.9833,1
3934,98.7167,1
3938,50.3833,1
3943,83.5667,1
3949,214.0667,1
3965,9.5833,1
3969,56.2000,1
3977,109.3167,1
3980,12.1500,1
3983,18.6167,1
3984,697.1333,1
3985,0.3667,1
3987,103.3667,1
4001,181.1500,1
4003,0.0500,1
4013,1200.6167,1
4019,415.3000,1
4034,1226.8167,1
4040,740.5833,1
4043,548.0167,1
4050,2023.5500,1
4053,49.5333,1
4054,99.5833,1
4055,8.8333,1
4062,89.4333,1
4104,251.6167,1
4112,4.9500,1
4132,502.3667,1
4135,0.0833,1
4143,76.6000,1
4156,377.0500,1
4158,19.9667,1
4160,120.4833,1
4162,0.5500,1
4186,226.7500,1
4220,39.9000,1
4230,262.8000,1
4231,669.9167,1
4241,29.0500,1
4266,165.3000,1
4294,51.4333,1
4311,4.5833,1
4320,5.1333,1
4322,51.8000,1
4337,1018.6167,1
4347,34.9833,1
4360,410.6667,1
4363,55.5167,1
4371,13.9000,1
4376,214.6833,1
4377,42.0333,1
4381,15.0833,1
4384,398.3167,1
4393,117.2167,1
4395,1.3000,1
4400,1037.7667,1
4402,324.8000,1
4404,615.3500,1
4413,833.6500,1
4435,806.3167,1
4450,0.3500,1
4458,69.9333,1
4464,33.9000,1
4514,306.1500,1
4515,87.0500,1
4522,0.6667,1
4537,169.5833,1
4539,0.0500,1
4544,49.5500,1
4551,0.1333,1
4553,0.1167,1
4568,20.7167,1
4574,36.1000,1
4582,24.7500,1
4585,635.9667,1
4593,2.8000,1
4595,59.7000,1
4609,19.2167,1
4613,130.8333,1
4615,0.3667,1
4617,1127.9000,1
4621,1119.2167,1
4629,1812.8333,1
4640,293.8167,1
4646,149.3667,1
4685,6.2833,1
4686,4.6833,1
4692,106.0500,1
4698,6.4667,1
4706,304.3833,1
4707,1308.0500,1
4721,2416.6500,1
4723,103.8167,1
4739,768.9667,1
4743,18.3500,1
4745,56.3000,1
4751,0.2500,1
4756,96.7500,1
4784,13.3667,1
4790,411.3000,1
4793,5.1333,1
4795,255.0167,1
4797,5.2667,1
4801,359.4000,1
4803,109.1500,1
4827,10.3833,1
4828,0.4833,1
4829,993.8333,1
4837,408.7500,1
4849,680.8333,1
4861,5.4000,1
4869,50.5833,1
4872,360.7000,1
4874,391.6167,1
4877,12.6000,1
4884,0.1000,1
4898,153.4333,1
4917,1.9000,1
4921,275.7833,1
4927,39.9667,1
4939,346.8667,1
4946,22.5667,1
4958,1449.2333,1
4969,5.1833,1
4972,48.2167,1
4991,946.7667,1
5010,391.4667,1
5028,819.1833,1
5036,964.1500,1
5058,15.6833,1
5063,0.1000,1
5064,252.1667,1
5070,181.5667,1
5071,315.3167,1
5076,348.3833,1
5080,1340.8167,1
5088,0.7833,1
5098,281.5333,1
5104,253.4000,1
5130,875.0833,1
5136,13.9000,1
5143,30.1167,1
5153,59.7833,1
5155,54.6000,1
5203,227.0500,1
5212,415.7167,1
5221,0.0667,1
5223,585.8667,1
5227,0.3333,1
5262,426.5167,1
5274,22.0833,1
5279,139.4167,1
5286,226.6000,1
5299,265.1000,1
5309,710.5333,1
5321,888.5000,1
5323,96.4000,1
5325,166.5000,1
5334,11.4833,1
5336,589.0333,1
5340,260.8000,1
5358,14.9833,1
5373,244.5833,1
5380,0.8667,1
5382,569.2667,1
5385,334.8833,1
5389,0.3333,1
5391,357.5500,1
5392,12.3167,1
5424,14.4000,1
5427,41.4833,1
5434,461.1500,1
5450,19.7667,1
5453,1559.0167,1
5502,244.8333,1
5511,0.0667,1
5515,7.2833,1
5543,975.4167,1
5567,761.9000,1
5574,9.0833,1
5577,252.5333,1
5578,16.0167,1
5579,7.3833,1
5589,146.5167,1
5591,6.3500,1
5598,28.1333,1
5601,245.8000,1
5612,173.0500,1
5632,112.4833,1
5633,2118.7667,1
5638,19.2667,1
5644,0.0667,1
5663,27.6000,1
5671,29.2000,1
5676,6.6167,1
5686,136.9667,1
5687,48.3000,1
5704,0.5500,1
5707,117.4667,1
5716,4.5333,1
5720,2622.9500,1
5734,315.6333,1
5739,150.1833,1
5774,22.1000,1
5782,297.8500,1
5791,0.4167,1
5836,1259.5833,1
5884,65.0333,1
5939,17.7333,1
5955,111.0333,1
5971,53.9333,1
5974,1017.6333,1
5996,61.9333,1
6010,3968.3167,1
6011,164.3500,1
6027,24.1500,1
6030,385.3500,1
6034,0.0833,1
6043,163.5333,1
6070,157.6833,1
6096,388.9167,1
6110,559.1000,1
6125,1164.3833,1
6129,194.1000,1
6218,14.7333,1
6227,235.6167,1
6239,48.4833,1
6252,409.8167,1
6253,283.9500,1
6261,0.1833,1
6278,974.8667,1
6312,489.5333,1
6331,55.3500,1
6363,62.0000,1
6367,157.0667,1
6379,211.4167,1
6394,332.5667,1
6395,348.2167,1
6408,100.1167,1
6409,169.7333,1
6418,42.4500,1
6421,660.6333,1
6433,254.1833,1
6451,12.2000,1
6464,203.8833,1
6488,1468.6167,1
6503,8.2333,1
6505,80.8167,1
6530,604.6333,1
6542,128.6833,1
6559,160.4167,1
6560,20.3500,1
6569,4.3500,1
6580,26.7167,1
6589,443.7667,1
6599,33.6667,1
6616,1512.7667,1
6627,24.8500,1
6643,541.9833,1
6659,189.1333,1
6665,24.3500,1
6667,11.4333,1
6681,8.4500,1
6685,523.6333,1
6698,35.1333,1
6739,2509.4000,1
6743,23.9667,1
6745,86.8000,1
6757,71.0000,1
6773,18.0333,1
6791,261.1333,1
6814,27.4333,1
6817,13.5000,1
6819,603.8000,1
6824,307.5000,1
6836,33.5333,1
6867,9.0833,1
6869,39.7500,1
6871,14.2333,1
6884,1509.0667,1
6885,977.1167,1
6888,58.6500,1
6890,290.8167,1
6921,2346.4000,1
6924,268.0500,1
6932,205.2000,1
6939,0.4333,1
6940,35.9000,1
6944,15.4333,1
6950,102.8833,1
6958,384.8167,1
6965,75.8667,1
6976,2811.3333,1
6982,55.4500,1
6997,164.4833,1
7008,0.2167,1
7013,115.7667,1
7015,0.1667,1
7021,31.6000,1
7034,467.0333,1
7071,1382.2833,1
7076,3.0000,1
7081,30.4500,1
7086,1149.1333,1
7094,1.3000,1
7096,133.1667,1
7100,117.2500,1
7115,17.3333,1
7122,126.5000,1
7127,231.3000,1
7128,592.8833,1
7129,8.6167,1
7133,483.7000,1
7155,147.4833,1
7163,252.6167,1
7169,32.1000,1
7178,83.7833,1
7179,3.7333,1
7212,25.8333,1
7217,2.5833,1
7231,570.3333,1
7232,176.8667,1
7242,106.2333,1
7244,669.8333,1
7245,231.6000,1
7246,379.2500,1
7250,90.3167,1
7254,363.2833,1
7275,3.4333,1
7282,92.1833,1
7291,7.7167,1
7294,129.4667,1
7306,132.3000,1
7307,231.6833,1
7310,32.1333,1
7343,985.0500,1
7349,1270.9167,1
7355,0.3667,1
7358,163.4667,1
7365,648.7833,1
7373,17.9833,1
7382,969.4667,1
7386,70.0333,1
7404,14.5667,1
7406,7.5500,1
7412,1931.2667,1
7439,14334.3333,1
7443,14.8333,1
7452,9.1500,1
7475,556.2333,1
7482,110.2667,1
7483,1.8500,1
7487,681.2667,1
7495,0.1500,1
7502,134.3833,1
7503,44.8833,1
7521,59.2500,1
7524,0.1167,1
7540,193.1167,1
7548,3.9833,1
7561,890.0167,1
7568,687.6333,1
7583,712.5667,1
7606,14.7000,1
7612,891.1167,1
7620,118.3667,1
7631,22.9333,1
7645,288.7500,1
7676,0.0500,1
7687,2416.8667,1
7724,24.1000,1
7726,73.7000,1
7735,0.1000,1
7742,213.2167,1
7752,70.6500,1
7782,135.6500,1
7819,5.9833,1
7861,1918.8667,1
7863,2.3167,1
7873,9.8167,1
7889,1.1500,1
7898,65.8667,1
7908,701.1667,1
7934,65.9333,1
7962,32.7667,1
7975,94.1667,1
7987,3.3500,1
8005,1456.0500,1
8010,481.0833,1
8018,133.5667,1
8030,182.4667,1
8053,34.4000,1
8057,55.6000,1
8059,4.3333,1
8068,111.5500,1
8095,697.8000,1
8107,0.9500,1
8133,152.8833,1
8183,40.3167,1
8223,377.6833,1
8260,7.0333,1
8380,667.0833,1
8412,548.2833,1
8425,16.0833,1
8437,774.4667,1
8444,7.4333,1
8452,102.6333,1
8495,252.8333,1
8519,27.1667,1
8538,31.7833,1
8539,199.1500,1
8544,65.8000,1
8555,94.0500,1
8567,3.7333,1
8591,148.6000,1
8600,206.4667,1
8679,1.0333,1
8716,5.0833,1
8734,238.4500,1
8758,454.7167,1
8773,22.3000,1
8779,0.3000,1
8797,33.9833,1
8798,10.0667,1
8825,0.2167,1
8855,2046.0333,1
8868,669.3000,1
8873,11.3667,1
8912,291.2167,1
8924,569.0833,1
8937,42.8167,1
8950,5.4333,1
8952,26.3500,1
8964,20.7000,1
9000,350.4833,1
9021,159.2667,1
9027,187.1000,1
9100,211.0667,1
9107,309.7000,1
9108,785.2333,1
9112,8.9333,1
9114,145.4000,1
9178,59.3000,1
9188,157.6667,1
9231,144.5833,1
9252,0.7333,1
9260,2.0833,1
9303,6.3000,1
9305,1008.9000,1
9334,68.3667,1
9336,5.4667,1
9354,7.9500,1
9372,14.7833,1
9409,961.5333,1
9429,1638.5167,1
9465,511.0000,1
9478,42.5333,1
9513,28.8500,1
9521,0.0667,1
9544,0.4000,1
9560,103.7167,1
9571,325.1000,1
9598,457.3833,1
9612,46.4833,1
9653,639.8167,1
9703,408.5833,1
9708,98.5667,1
9736,675.7667,1
9746,317.7167,1
9754,17.9667,1
9793,1071.8167,1
9794,127.9500,1
9803,274.0000,1
9856,493.8167,1
9882,112.4333,1
9952,23.7333,1
9985,50.9167,1
9989,15.4667,1
10002,62.3167,1
10029,7.0500,1
10057,13.3500,1
10078,16.6333,1
10103,8.7500,1
10131,55.7667,1
10158,347.7000,1
10218,16.6500,1
10272,43.9000,1
10276,114.2167,1
10288,385.6667,1
10337,4.6000,1
10365,126.7500,1
10390,43.1500,1
10393,709.2667,1
10398,178.8333,1
10595,19.1667,1
10608,6.0500,1
10662,2.9333,1
10685,76.4500,1
10690,0.0833,1
10748,1591.3833,1
10791,37.9333,1
10839,855.2833,1
10938,2.5333,1
11002,42.9667,1
11026,75.4167,1
11082,6.8500,1
11124,6.1500,1
11209,642.9500,1
11227,313.1333,1
11311,566.5667,1
11325,444.3000,1
11365,358.8167,1
11489,68.9000,1
11538,0.1000,1
11583,155.8500,1
11604,1117.0500,1
11607,93.5500,1
11628,35.2333,1
11644,27.2167,1
11711,27.5667,1
11735,431.2833,1
11739,5.9500,1
11748,87.2333,1
11800,74.7333,1
11808,70.3000,1
11812,0.2500,1
11856,4814.0833,1
11879,2540.8833,1
11937,5.3833,1
12043,23.5833,1
12073,36.5167,1
12127,12.9833,1
12146,6.6167,1
12160,1565.9833,1
12207,60.8833,1
12222,625.1500,1
12234,11.3667,1
12241,140.9333,1
12270,0.9500,1
12279,0.0667,1
12385,139.6833,1
12442,134.9667,1
12508,718.9667,1
12534,58.7833,1
12551,272.8000,1
12589,234.9500,1
12610,256.9500,1
12644,0.9500,1
12735,217.3833,1
12751,65.1167,1
12761,309.8667,1
12771,88.2667,1
12797,5.0167,1
12802,111.3333,1
12808,3.0833,1
12811,0.3833,1
12816,50.6167,1
12857,229.5000,1
12868,12.2167,1
12971,36.5500,1
12989,883.0333,1
13043,110.0500,1
13076,259.9667,1
13079,1392.7000,1
13132,451.0500,1
13134,15.2167,1
13169,2.0167,1
13179,143.4667,1
13180,248.0167,1
13388,6389.2833,1
13463,48.2833,1
13501,86.1500,1
13510,168.2167,1
13566,12.8667,1
13620,1118.2833,1
13644,161.9333,1
13807,30.3333,1
13902,28.3667,1
13960,19.5333,1
14425,12.0000,1
14470,8.4500,1
14629,121.7333,1
14633,80.0500,1
14700,331.6333,1
14735,387.7000,1
14765,1031.1833,1
14915,960.0667,1
14953,38.8333,1
15110,0.1167,1
15179,2.6167,1
15345,291.4833,1
15472,152.0500,1
15736,487.1500,1
16043,245.6500,1
16052,576.1833,1
16118,1387.8667,1
16414,220.3167,1
16417,0.0667,1
16450,339.3833,1
16473,0.7333,1
16632,862.4167,1
16725,787.1833,1
16728,201.9333,1
16825,0.2667,1
16832,0.1000,1
16863,10.9167,1
16991,1490.5167,1
17159,166.8833,1
17524,146.2167,1
17943,7.0000,1
18314,2.1000,1
18319,309.3667,1
18360,582.5667,1
18510,4.7333,1
18678,174.0333,1
18692,243.1000,1
18719,118.6167,1
18722,121.0333,1
18865,0.1833,1
18954,686.1500,1
19005,340.2167,1
19053,16.2333,1
19074,39.1333,1
19150,133.3667,1
19178,27.1667,1
19268,70.3333,1
19347,14.2333,1
19562,925.3667,1
19636,21.1000,1
19692,117.2833,1
19821,132.0167,1
19845,2.6333,1
19954,919.2333,1
19969,3.4000,1
20556,0.1667,1
20733,265.4000,1
21801,2.2000,1
22195,1.6833,1
22351,0.2333,1
22476,146.3333,1
22533,529.5333,1
22653,0.0833,1
23526,1.0167,1
23708,539.5833,1
24006,792.2000,1
24423,1001.6833,1
24451,112.4833,1
24924,227.9333,1
25057,412.9833,1
25156,376.0667,1
25211,765.0333,1
25863,93.0333,1
25992,23.5833,1
26922,2.4167,1
26933,386.9500,1
26958,177.0833,1
27104,0.0667,1
27576,392.0333,1
30427,6.5500,1
30439,0.0833,1
31588,4.5500,1
32237,449.7333,1
32669,67.0333,1
33796,176.8333,1
33916,2.8500,1
34049,14.3000,1
34081,1.9333,1
34981,0.4333,1
35147,18.3667,1
37860,195.9667,1
41451,105.4167,1
41613,328.7667,1
42675,1730.2000,1
42928,235.8000,1
52075,0.3167,1
58539,24.0500,1
70008,113.5333,1
111643,23.2667,1
113546,6.4833,1
115084,5.3000,1
120374,475.5667,1
123732,26.3667,1
134788,55.1000,1
135372,45.7667,1
141064,119.3000,1
142411,0.2333,1
143012,90.2000,1
143038,753.0167,1
143216,872.4500,1
143289,32.3333,1
143327,37.2167,1
143392,278.6500,1
143407,19.9833,1
143444,63.5000,1
143466,27.9667,1
143489,0.7667,1
143514,49.9000,1
143519,9.4667,1
143523,747.3500,1
143527,1147.5500,1
143536,7.2833,1
143561,541.9667,1
143597,6.0500,1
143599,55.5833,1
143643,524.8000,1
143691,22.2333,1
143693,48.1000,1
143701,375.8833,1
143711,45.5000,1
143746,325.0000,1
143770,167.8667,1
143777,64.7167,1
143781,1128.4833,1
143797,505.3500,1
143801,105.2167,1
143853,636.7000,1
143920,31.2333,1
144083,72.9500,1
144087,0.0833,1
144090,1.9500,1
144119,2.2500,1
144126,461.6167,1
144164,579.6167,1
144220,39.8333,1
144230,21.5167,1
144240,215.5500,1
144273,11.5667,1
144293,1112.9500,1
144305,394.1500,1
144343,242.2833,1
144348,390.3833,1
144378,1370.1667,1
144381,315.8667,1
144384,147.5000,1
144387,71.8833,1
144395,533.0000,1
144400,543.5333,1
144403,290.0000,1
144444,65.9500,1
144467,56.4333,1
144492,211.9500,1
144556,405.6833,1
144565,612.3167,1
144575,5852.5000,1
144599,74.8833,1
144627,688.8833,1
144644,101.5000,1
144681,281.9500,1
144707,357.0667,1
144713,7.6500,1
144749,1022.4833,1
144764,432.8500,1
144786,868.2833,1
144788,574.9500,1
144789,73.3333,1
144843,2245.8000,1
144869,1366.9333,1
144873,146.5167,1
144874,522.8333,1
144900,548.1500,1
144907,0.7167,1
144912,37.7333,1
144929,550.2000,1
144939,744.0833,1
144956,115.9000,1
144987,237.8667,1
145013,271.7500,1
145050,504.7500,1
145089,494.5000,1
145091,130.9333,1
145135,884.4333,1
145167,256.1833,1
145179,18.6333,1
145183,184.2833,1
145185,148.3500,1
145190,5.4500,1
145196,45.0167,1
145230,6.9667,1
145231,39.2667,1
145235,24.3000,1
145240,759.1500,1
145258,350.2333,1
145278,155.3333,1
145281,141.4667,1
145290,2202.1167,1
145308,237.7667,1
145310,4.9833,1
145344,8.6000,1
145345,137.2667,1
145349,390.9500,1
145353,486.9500,1
145370,1101.9000,1
145386,412.3333,1
145399,0.0500,1
145464,68.4500,1
145477,115.2333,1
145560,260.4833,1
145628,0.3500,1
145672,1811.2500,1
145681,564.4000,1
145684,1.8833,1
145730,1962.4333,1
145747,37.1000,1
145751,53.1000,1
145754,8.8333,1
145762,609.8667,1
145768,822.8500,1
145773,2.6833,1
145774,28.0500,1
145792,105.3667,1
145793,204.1667,1
145795,931.7167,1
145796,800.5833,1
145813,320.2667,1
145821,259.7333,1
145822,3.2833,1
145834,1104.4667,1
145842,0.1500,1
145853,94.3000,1
145868,280.4667,1
145877,107.2500,1
145899,374.9167,1
145903,1.4833,1
145905,2693.8833,1
145915,2810.6333,1
145944,305.2833,1
145954,636.5667,1
145957,19.1333,1
145965,926.4333,1
145993,743.6167,1
146015,977.5167,1
146021,441.7667,1
146036,72.1333,1
146051,20.0167,1
146068,42.8500,1
146133,391.8000,1
146144,83.5667,1
146145,31.1167,1
146172,600.2500,1
146189,192.7167,1
146201,1247.5000,1
146224,620.0167,1
146249,25.3667,1
146252,177.8000,1
146308,310.3833,1
146339,1147.0500,1
146352,817.1333,1
146367,801.7667,1
146384,25.4833,1
146397,1455.6667,1
146419,0.2333,1
146424,456.3833,1
146427,476.5833,1
146429,0.2500,1
146457,460.2500,1
146479,1360.6833,1
146485,431.9667,1
146487,119.3500,1
146514,708.0000,1
146518,493.0500,1
146526,341.0000,1
146536,372.9333,1
146542,54.8833,1
146551,56.4333,1
146552,0.4333,1
146555,2.1167,1
146568,9.6667,1
146625,65.1333,1
146730,76.6500,1
146734,19.1833,1
146760,38.8500,1
146767,440.2333,1
146772,39.2667,1
146788,1534.8833,1
146799,162.6000,1
146801,756.1667,1
146807,223.9000,1
146821,302.1167,1
146851,353.8833,1
146853,29.5333,1
146855,6.9167,1
146865,68.7000,1
146866,952.3000,1
146872,958.2167,1
146880,66.5333,1
146888,176.7667,1
146891,861.1333,1
146897,130.9000,1
146907,54.1500,1
146908,121.4333,1
146914,276.0833,1
146932,37.7667,1
146937,76.3667,1
146940,0.1667,1
146948,318.6167,1
146958,633.9667,1
146960,448.6000,1
146964,282.7667,1
146976,413.6500,1
146977,434.6500,1
146991,193.7167,1
147005,340.0833,1
147013,112.9000,1
147015,700.9667,1
147025,23.1167,1
147043,438.0333,1
147044,0.8000,1
147045,1072.6833,1
147047,499.7833,1
147053,33.0000,1
147054,4551.3667,1
147057,347.8500,1
147059,155.4667,1
147061,954.7500,1
147062,37.6000,1
147066,224.6333,1
147076,10.3500,1
147087,349.0667,1
147102,426.8000,1
147111,17.3167,1
147136,420.2333,1
147143,750.1167,1
147146,59.6167,1
147148,547.4333,1
147149,266.0667,1
147150,175.1000,1
147152,69.6167,1
147158,499.1500,1
147161,140.3167,1
147169,540.9667,1
147178,60.9500,1
147180,445.7833,1
147181,18.1500,1
147197,534.4833,1
147217,662.7167,1
147231,175.4500,1
147236,1482.8000,1
147249,36.4833,1
147259,0.3500,1
147290,246.9667,1
147317,350.1000,1
147319,54.5667,1
147356,681.6500,1
147359,33.3500,1
147368,96.7333,1
147405,491.3167,1
147430,642.0667,1
147444,151.0833,1
147446,630.3667,1
147447,219.1833,1
147448,873.3333,1
147449,233.1500,1
147460,71.8833,1
147473,2585.1500,1
147479,1163.5500,1
147506,193.8667,1
147515,13.0500,1
147526,327.1833,1
147530,334.0000,1
147550,40.1167,1
147555,464.3667,1
147591,80.0833,1
147593,795.8833,1
147600,540.7333,1
147603,6462.0333,1
147604,1458.1167,1
1266,227.6167,1
3272,139.3333,1
5649,208.6667,1
6165,98.7500,1
6548,2072.4667,1
7101,680.8000,1
7437,762.1167,1
7649,149.0667,1
11802,0.1333,1
12473,143.5667,1
12781,906.6667,1
13474,71.2000,1
14967,7.4833,1
17317,6.3167,1
21793,19.5667,1
32973,36.6167,1
38977,245.0667,1
40867,22.5333,1
41336,471.0833,1
44291,350.9500,1
71758,101.9000,1
142934,5570.5167,1
143923,0.3500,1
144208,79.1833,1
145569,647.2167,1
146480,168.8000,1
146498,1200.8500,1
146608,695.6000,1
146990,168.5167,1
147142,359.0167,1
147183,315.4667,1
147269,335.5000,1
147338,1507.5000,1
147546,273.4000,1
147568,0.9500,1
147801,30.9500,1
148194,856.1333,1
148228,2.7000,1
148263,333.3667,1
148297,65.1833,1
148346,562.7167,1
148356,59.1000,1
148497,1504.0500,1
148531,236.0667,1
148577,80.8167,1
148584,494.6000,1
148618,19.8333,1
148643,116.9000,1
148667,1370.8833,1
148669,246.6833,1
148777,116.3333,1
148778,79.4833,1
148785,1440.6500,1
148812,21.1667,1
148814,179.9833,1
148854,5.7000,1
148901,1524.2500,1
148933,1039.5667,1
149037,51.6333,1
149064,1130.3167,1
149122,623.7500,1
149125,926.8167,1
149131,387.2000,1
149135,552.7667,1
149218,2910.4333,1
149474,239.0167,1
149548,394.3833,1
149566,1002.7333,1
149617,214.3833,1
149633,230.9167,1
149652,532.2000,1
149763,1111.6000,1
149951,275.8333,1
150061,2558.0000,1
150147,114.2667,1
150354,9622.4000,1
150462,6.9000,1
150678,311.3500,1
150861,444.3500,1
150981,176.5500,1
151153,100.2000,1
151404,2881.6000,1
151418,0.2833,1
151494,0.2000,1
151574,7.1167,1
151886,1188.7167,1
151962,371.3167,1
152068,78.6167,1
152177,2860.9167,1
152232,420.4000,1
152249,48.4667,1
152253,355.2667,1
152267,317.0500,1
152360,107.7000,1
152429,1186.9833,1
152502,197.3000,1
152533,105.9333,1
152659,888.0500,1
152766,228.5667,1
152811,1030.2833,1
152896,108.7667,1
153773,198.6667,1
153895,261.1500,1
153897,7.9167,1
153938,323.0500,1
153953,989.8833,1
153972,2834.2833,1
154046,571.1833,1
154092,962.9667,1
154320,274.7333,1
154460,0.0500,1
154509,643.1667,1
154576,419.9167,1
154600,415.2167,1
154656,345.2000,1
154674,252.5667,1
155301,185.6667,1
155912,270.1667,1
155918,509.0500,1
155924,749.9833,1
155961,38.9000,1
155973,635.0167,1
155987,159.8167,1
155992,353.8833,1
156057,843.2833,1
156152,9.4333,1
156182,172.9500,1
156219,914.3667,1
156240,125.6167,1
156241,944.3833,1
156251,153.0667,1
156293,177.3500,1
156318,14.7000,1
156323,2.1000,1
156344,681.7833,1
156348,614.4667,1
156389,103.5667,1
156399,759.3500,1
156409,41.4500,1
156431,25.1167,1
156446,415.7667,1
156484,1029.3167,1
156487,250.8167,1
156494,2.7333,1
156501,6.2167,1
156512,246.5000,1
156549,88.1667,1
156551,12.2167,1
156564,30.0667,1
156604,0.8333,1
156631,197.1667,1
156680,289.6667,1
156686,932.7500,1
156694,514.7333,1
156699,4760.6333,1
156719,168.4167,1
156743,124.5167,1
156775,451.8833,1
156787,201.4833,1
156843,465.7000,1
156845,985.0000,1
156896,1257.4833,1
156905,352.1500,1
156975,39.4000,1
157039,324.6000,1
157115,2446.6167,1
157146,91.6167,1
157184,132.5000,1
157248,426.3167,1
157272,13.1500,1
157277,1187.9000,1
157377,107.5667,1
157536,21.9667,1
157578,62.0500,1
157686,41.1333,1
157786,178.0000,1
157904,615.2333,1
157916,67.5667,1
157933,332.0833,1
158179,448.9500,1
158466,111.1667,1
1875,848.4833,1
3364,380.4333,1
3643,2085.2333,1
3936,299.7833,1
5075,575.2167,1
5744,119.4667,1
9876,0.1167,1
12809,56.1333,1
14714,238.1000,1
15416,5.6500,1
19124,502.4333,1
20120,674.3500,1
25047,93.5333,1
52866,22.7833,1
58007,159.6667,1
98559,415.0667,1
115657,524.5500,1
137389,598.3000,1
137893,756.3667,1
139185,14.8333,1
145873,1729.7500,1
146149,371.6833,1
146578,632.4000,1
146909,139.7333,1
147159,2.7000,1
147258,1454.2667,1
147291,11.3667,1
147305,54.9500,1
147346,106.3833,1
147576,1254.0667,1
147612,260.8833,1
147618,1507.2833,1
147625,16.2667,1
147687,2707.2167,1
147733,599.6167,1
147773,2950.6167,1
147903,659.6667,1
147959,510.5000,1
148002,403.0333,1
148222,1558.0000,1
148272,1124.0667,1
148326,839.1000,1
148330,613.4167,1
148412,50.6833,1
148420,57.8000,1
148488,882.9833,1
148601,0.3000,1
148685,37.6833,1
148715,546.6167,1
148793,1350.3333,1
148927,625.0667,1
148948,292.4667,1
149023,169.0833,1
149038,141.4000,1
149044,204.0667,1
149290,6.8500,1
149500,814.0167,1
149546,8.7000,1
149576,8451.4000,1
149584,344.9333,1
149690,126.7833,1
149870,5687.5500,1
150015,62.1833,1
150288,105.8167,1
150582,905.2667,1
150663,734.9333,1
150854,679.3333,1
150864,408.9833,1
150949,3185.9500,1
151082,1.6000,1
151113,2906.6167,1
151188,657.5000,1
151197,5.8000,1
151212,5044.2000,1
151287,3.9667,1
151559,13.6500,1
151643,450.8167,1
151694,2628.4167,1
151765,950.4000,1
151829,87.6833,1
151950,438.7000,1
151952,24.1167,1
151988,241.1333,1
152353,710.2167,1
152611,1288.0000,1
152692,1328.5500,1
152884,333.2167,1
152978,177.6500,1
153050,946.6333,1
153103,737.1167,1
153388,79.7500,1
153526,949.7500,1
153700,194.9833,1
153934,373.1667,1
153956,201.8333,1
153971,4.9167,1
153974,231.3500,1
154171,887.1000,1
154181,1424.1833,1
154378,638.6333,1
154458,532.1000,1
154508,360.9667,1
154921,35.2167,1
154995,259.1833,1
155034,1058.5500,1
155037,425.5500,1
155073,178.0667,1
155087,11.4167,1
155096,309.7833,1
155116,90.9167,1
155427,1388.7500,1
155431,250.5833,1
155456,878.1500,1
155741,300.6500,1
155744,141.7333,1
155747,54.3667,1
155816,0.0667,1
155926,69.5333,1
156043,4609.4333,1
156077,100.0167,1
156078,190.7000,1
156171,154.9500,1
156194,5.8167,1
156206,1348.9833,1
156226,129.3667,1
156271,121.7500,1
156274,29.0167,1
156276,215.3333,1
156324,1417.8500,1
156343,139.4000,1
156391,155.3167,1
156400,53.5000,1
156439,46.9667,1
156441,311.6000,1
156461,698.6667,1
156519,405.8833,1
156547,876.2667,1
156568,4.2500,1
156582,189.6000,1
156584,259.0333,1
156587,136.3000,1
156588,40.5167,1
156605,80.6333,1
156610,839.1667,1
156619,9.9833,1
156649,69.0333,1
156656,829.4833,1
156674,525.9167,1
156687,72.3833,1
156691,178.4167,1
156703,153.5333,1
156708,20.1500,1
156727,70.4333,1
156757,496.3500,1
156831,816.5667,1
156841,328.6833,1
156844,652.7500,1
157134,163.9500,1
157202,147.7500,1
157218,440.8167,1
157465,234.1667,1
157525,2.6167,1
157653,70.9167,1
157698,502.4833,1
157841,211.6167,1
157853,435.7833,1
157915,52.8833,1
157934,64.4833,1
157977,174.0333,1
157988,237.6000,1
157989,84.1833,1
157997,516.3667,1
158038,540.1500,1
158045,139.2333,1
158105,47.3500,1
158119,59.4000,1
158272,214.2000,1
158336,102.0833,1
158376,174.6500,1
221,469.0667,1
1211,615.1000,1
1494,201.9333,1
2477,54.4833,1
3366,188.6167,1
4336,947.9500,1
6313,485.3500,1
6762,494.8667,1
10299,22.8333,1
10744,14.5500,1
13073,1211.1667,1
13804,0.1833,1
19665,452.2333,1
21569,1147.3833,1
21633,205.2667,1
22818,4757.5667,1
55709,0.0833,1
63369,88.7000,1
75080,364.5833,1
86013,5.5167,1
101613,416.3500,1
103625,65.8167,1
143305,37.1667,1
144426,615.8000,1
145212,105.8500,1
145254,408.3500,1
145285,1885.1167,1
145502,1503.2667,1
146052,462.4000,1
146613,2186.6833,1
146859,215.1833,1
147083,1712.2667,1
147323,33.1333,1
147437,715.1667,1
147579,65.3167,1
147643,88.0667,1
147676,553.9500,1
147715,280.0000,1
147763,240.0000,1
147804,301.1000,1
147884,294.9667,1
147991,38.5000,1
147993,762.7333,1
148054,1271.8167,1
148103,321.1833,1
148109,354.7167,1
148128,72.7833,1
148329,433.8167,1
148411,274.3833,1
148467,490.0500,1
148486,290.2667,1
148559,921.5333,1
148646,389.9833,1
148712,0.6333,1
148837,1053.9667,1
148886,1881.9000,1
148919,88.3000,1
148939,2460.2500,1
149015,2728.2333,1
149027,3.8000,1
149123,49.1667,1
149241,755.2500,1
149404,532.3500,1
149455,352.8000,1
149494,1429.0833,1
149547,263.9167,1
149569,16.1833,1
149610,200.8500,1
149636,95.5667,1
149849,119.8500,1
149887,554.9667,1
149892,204.6000,1
149903,311.1167,1
149950,399.8500,1
149960,460.6833,1
150053,117.3000,1
150064,845.0167,1
150076,27.0167,1
150158,0.1167,1
150664,35.5667,1
150757,356.6833,1
150819,1012.6833,1
150851,74.4500,1
151037,19.4833,1
151321,16.4833,1
151366,278.2667,1
151402,335.2333,1
151428,329.1500,1
151620,466.6167,1
151709,917.6167,1
151779,102.1000,1
151783,298.7833,1
151849,530.5333,1
151892,73.1500,1
152060,226.7333,1
152082,37.2333,1
152109,1019.9167,1
152123,1844.0167,1
152140,77.2500,1
152174,127.3667,1
152285,1827.5000,1
152346,456.1167,1
152369,420.8167,1
152402,211.5667,1
152472,2261.8500,1
152551,42.1500,1
152826,0.1167,1
152969,398.1500,1
152979,593.8167,1
152999,658.0000,1
153229,178.5500,1
153519,1902.1333,1
153558,1870.8167,1
153574,301.2000,1
153726,345.0167,1
153762,580.7500,1
153885,299.3500,1
153931,661.8500,1
153987,775.2833,1
154300,228.6000,1
154491,523.1333,1
154821,1104.7667,1
154853,512.7667,1
155035,351.1333,1
155459,436.7667,1
155462,687.2667,1
155628,5.8500,1
155845,232.2667,1
156042,641.6333,1
156184,657.4333,1
156211,149.7667,1
156218,580.9167,1
156231,394.8000,1
156234,234.7333,1
156291,161.1500,1
156319,365.2167,1
156325,42.8667,1
156362,102.5500,1
156406,848.2667,1
156407,532.3167,1
156417,474.3000,1
156428,337.1500,1
156467,11.3000,1
156498,659.5333,1
156510,150.0667,1
156521,274.2167,1
156534,1311.1500,1
156541,252.8000,1
156543,70.2500,1
156561,434.5500,1
156592,378.2667,1
156607,70.8333,1
156647,1322.1833,1
156695,950.0167,1
156725,139.3833,1
156752,121.0167,1
156753,74.6167,1
156760,162.0500,1
156777,0.1167,1
156778,123.5833,1
156780,0.0667,1
156838,66.1333,1
156901,136.4000,1
156908,254.9167,1
156966,351.9167,1
157012,114.7500,1
157526,57.0333,1
157816,903.9000,1
158031,27.7000,1
158054,346.4833,1
4097,0.0667,1
5717,327.3333,1
6330,421.8833,1
6410,78.8000,1
7197,617.8333,1
7642,645.4833,1
9435,193.1667,1
9812,1289.0000,1
12033,12.9333,1
19900,54.5167,1
24434,16.9000,1
25308,611.9833,1
29303,1220.8667,1
37017,228.1333,1
59292,48.3833,1
71149,1055.7333,1
102023,995.9333,1
111107,821.5833,1
143958,41.9500,1
144638,39.5667,1
144682,436.0667,1
145867,197.8833,1
146049,220.8667,1
146185,44.3333,1
146906,9.8333,1
147200,440.9500,1
147385,952.5833,1
147388,181.5167,1
147441,34.5667,1
147666,8.9167,1
147737,521.1333,1
147755,569.0000,1
147876,703.2167,1
147906,460.2000,1
147951,3360.5500,1
148049,249.7167,1
148053,0.7333,1
148089,5.5667,1
148094,305.8500,1
148126,431.7500,1
148134,788.3167,1
148257,1969.8167,1
148265,1205.1833,1
148280,24.3000,1
148339,81.6833,1
148344,69.8667,1
148372,155.5500,1
148455,418.2833,1
148527,1286.9500,1
148670,107.7833,1
148758,34.5000,1
148786,4745.0000,1
148787,132.9667,1
148799,7500.4833,1
148817,1022.7833,1
148825,3465.2667,1
148882,17.4000,1
148996,74.0833,1
149049,162.4500,1
149109,366.5000,1
149195,824.3500,1
149197,67.7000,1
149253,22.7333,1
149260,422.1333,1
149303,647.8833,1
149361,108.5333,1
149402,509.3167,1
149515,77.4500,1
149554,109.9000,1
149577,680.8333,1
149591,874.0500,1
149770,547.8833,1
149812,2035.3333,1
149815,829.7167,1
149844,26.0000,1
149946,250.3167,1
150052,106.1167,1
150059,400.6667,1
150090,910.2167,1
150094,33.1667,1
150127,16.6167,1
150269,207.4500,1
150733,111.5500,1
150890,1075.3500,1
151156,659.4167,1
151171,218.7667,1
151313,662.9333,1
151638,437.3500,1
151663,170.2500,1
151759,475.1667,1
151811,652.2333,1
151879,518.1000,1
151953,682.6000,1
151981,964.7667,1
152006,31.0000,1
152033,54.4000,1
152141,221.4833,1
152265,2077.5333,1
152336,326.4833,1
152421,64.7500,1
152601,307.0500,1
152825,26.3167,1
152855,238.5000,1
152970,664.0000,1
153091,675.2500,1
153223,1326.6833,1
153255,1329.4833,1
153351,832.4833,1
153379,0.9833,1
153478,488.7833,1
153509,1740.4833,1
153741,705.8333,1
154050,246.1500,1
154108,150.5167,1
154128,29.7500,1
154133,130.7333,1
154143,211.2000,1
154556,1383.5667,1
154559,62.8667,1
154713,36.8333,1
154750,417.2500,1
155280,288.4667,1
155444,484.1667,1
155466,505.0500,1
155494,194.1167,1
155621,1586.8500,1
155694,306.1333,1
155712,26.2667,1
155805,63.0667,1
155897,97.6667,1
156080,96.0167,1
156132,23.8667,1
156159,574.4667,1
156167,880.0333,1
156180,19.1833,1
156191,39.4333,1
156250,154.8667,1
156253,397.4667,1
156257,795.0833,1
156296,26.5667,1
156360,465.1833,1
156388,322.4000,1
156427,502.0333,1
156444,23.2500,1
156464,181.8833,1
156482,460.3500,1
156504,189.4000,1
156608,422.4833,1
156612,157.7833,1
156661,1.5167,1
156693,299.1167,1
156716,527.7333,1
156748,335.4333,1
156770,64.9333,1
156772,121.0667,1
156774,68.7667,1
156822,216.7500,1
156925,4089.8667,1
156931,262.9833,1
156996,2593.6000,1
157118,190.3333,1
157198,232.9667,1
157232,632.9167,1
157285,111.8667,1
157306,63.8000,1
157313,178.4000,1
157334,589.8333,1
157360,357.7500,1
157419,274.7167,1
157423,341.9500,1
157476,446.6500,1
157600,120.0000,1
157642,286.5500,1
157722,194.0667,1
157777,236.5667,1
157905,413.4333,1
157911,466.4167,1
157913,19.3667,1
157914,15.5667,1
157971,905.1833,1
157974,77.0833,1
158104,176.0667,1
158205,275.2667,1
158260,132.9500,1
158413,19.6000,1
158482,0.4500,1
158706,3.0167,1
